Date,Target_Production_MT,Rainfall_mm,Excavator_Uptime,LHD_Uptime,Dumper_Uptime,Blasting_Delay_Hours,Actual_Production_MT,Is_Shortfall
2024-01-01,1224,0.0,92.40914679273783,63.8439027534334,89.55631460634964,0.5,984,1
2024-01-02,1193,4.9,91.0155517340443,89.47079635802956,86.55504314304227,0.1,1067,1
2024-01-03,1232,0.3,96.56538241493884,100.0,91.12514990416877,0.2,1193,0
2024-01-04,1276,1.7,90.37862727905674,97.9115708235155,85.19530758667446,0.1,1178,0
2024-01-05,1188,0.6,93.27696157035952,89.677275322197,83.12630799037484,1.2,1066,1
2024-01-06,1188,1.6,93.44848903098007,84.06691051494361,93.49626734340161,0.7,1065,1
2024-01-07,1278,2.1,88.44954773178476,94.45698077309848,93.46217750533087,0.6,1173,0
2024-01-08,1238,3.5,96.61021174768263,80.21163040236425,84.64910544204004,0.2,1085,1
2024-01-09,1176,0.5,91.07520121652296,91.81086215484976,95.29713258457559,0.1,1084,0
2024-01-10,1227,0.0,88.22127420253578,92.04376127333302,86.21053362500801,0.7,1096,1
2024-01-11,1176,0.3,94.65254921785201,96.48167925999104,91.47399142822789,0.3,1114,0
2024-01-12,1176,4.6,87.04766009104482,100.0,94.23206407567474,0.1,1101,0
2024-01-13,1212,4.1,91.73090578684564,91.13932773743014,89.18332461177772,0.5,1102,0
2024-01-14,1104,1.8,91.77440501677897,83.92829099434002,92.45844547284682,0.0,980,1
2024-01-15,1113,1.8,97.24947782915788,87.79540550246405,86.63142213667457,0.2,1016,0
2024-01-16,1171,2.2,94.15349116439977,73.84739276088706,88.49120049943141,0.3,994,1
2024-01-17,1149,0.4,91.83486520627427,82.44229495128754,88.70484341471796,0.1,1004,1
2024-01-18,1215,4.9,95.59883149600144,84.72574049509517,84.78552992075856,2.1,920,1
2024-01-19,1154,1.1,98.84103774508657,83.80729281652326,88.7743550213053,0.1,1047,0
2024-01-20,1129,1.0,94.68905153175932,89.21883897626978,80.55829020681752,0.1,1012,1
2024-01-21,1273,1.5,91.9017630992169,81.4206405409424,86.82807751714738,0.1,1103,1
2024-01-22,1188,0.1,85.4308188382492,96.96824533859578,88.27574703978198,0.7,1076,0
2024-01-23,1203,0.4,86.63443168462312,88.00165651934557,88.40292148502772,0.3,1053,1
2024-01-24,1128,2.7,90.20387647822666,87.92559743089099,88.14601532477532,0.4,1002,1
2024-01-25,1172,0.2,88.93243898920359,85.37684226789666,89.59941480083923,0.0,1027,1
2024-01-26,1205,1.8,90.88514348507276,89.24152547087184,92.6066491085164,0.0,1091,0
2024-01-27,1142,0.6,92.22324962448553,94.60078611734107,95.15710244479513,0.3,1070,0
2024-01-28,1218,1.0,94.54846377178366,81.06295827431279,85.9514086389104,0.8,1064,1
2024-01-29,1169,0.7,91.57750610970454,82.73506808739795,82.67579486766513,1.1,1008,1
2024-01-30,1185,0.9,94.342508219131,85.57019176978669,83.61273352654138,0.0,1050,1
2024-01-31,1169,2.5,92.0723720740506,77.23303261221429,86.70178247283043,0.4,994,1
2024-02-01,1292,0.7,82.05266716823066,81.44593712222802,87.78347209310094,1.2,1071,1
2024-02-02,1199,1.7,87.13332303090623,84.19023301164273,85.12502360281526,0.2,1025,1
2024-02-03,1147,1.3,91.14956222139193,94.99511344570182,82.02830001450064,0.9,1042,0
2024-02-04,1241,2.2,85.73152628579446,90.10049063201541,86.93327503515488,0.1,1088,1
2024-02-05,1138,5.5,94.44964364998103,89.54871929094035,90.26355972068383,1.4,1043,0
2024-02-06,1210,2.6,99.39375416171848,94.80718369734377,93.18017679501338,0.7,1165,0
2024-02-07,1102,0.5,98.04380925848659,86.90102569280482,86.58046168135007,1.4,1006,0
2024-02-08,1133,0.1,90.92278564534895,91.12371879943112,87.5070130671394,0.6,1023,0
2024-02-09,1209,0.6,99.39363068424976,87.17422597654003,84.34981014691613,0.2,1106,0
2024-02-10,1236,1.8,92.56333728601055,90.12289879519703,89.54136497775134,1.4,1124,0
2024-02-11,1208,0.1,90.3045701444098,83.33793073910735,84.89442819485511,0.2,1044,1
2024-02-12,1194,1.4,88.79298668229531,68.48946273378857,93.2287668794472,0.2,973,1
2024-02-13,1184,1.8,90.30765156755935,86.92576670250956,79.01480104839534,0.6,1026,1
2024-02-14,1126,0.8,89.97911590729386,99.38198508879952,87.72222196528523,0.7,1050,0
2024-02-15,1164,2.9,92.56208111187743,95.40972321793274,91.37164403515045,1.3,1087,0
2024-02-16,1176,0.2,92.78286990524933,95.72317987672936,91.07300709793502,0.1,1100,0
2024-02-17,1252,0.2,91.99523010076707,97.88904577444974,100.0,0.8,1201,0
2024-02-18,1217,2.6,93.92469084873174,88.7092607276915,91.70880014740744,0.7,1112,0
2024-02-19,1111,1.4,97.8132313739317,89.57852565924478,83.76567241894794,0.0,1018,0
2024-02-20,1216,2.3,96.51777067720661,83.0587848365252,89.08221451746556,0.2,1090,1
2024-02-21,1180,1.1,84.46551015775049,85.4714171517836,79.17752199920128,0.2,988,1
2024-02-22,1166,0.6,79.17039432549022,92.92616919816913,89.42640150421943,0.2,1011,1
2024-02-23,1230,3.4,96.33159955619637,97.63107549735054,84.49166365799545,2.0,1162,0
2024-02-24,1251,3.2,84.8456065079229,86.884429794552,95.01234165336096,0.5,1097,1
2024-02-25,1246,2.4,90.6361729905366,84.3984858811887,86.34275835242678,0.6,1087,1
2024-02-26,1158,0.6,86.0894348697032,88.00422367085278,89.20940450522852,1.9,1013,1
2024-02-27,1184,1.8,82.8100978120999,92.80965399143292,85.91665295157358,0.2,1035,1
2024-02-28,1216,0.9,94.61731364102394,76.44916147093167,100.0,0.8,1075,1
2024-02-29,1248,0.2,95.77577580151323,69.6305523749021,88.04254340329253,0.3,1045,1
2024-03-01,1176,5.0,88.61744799636641,83.59570520406733,100.0,1.0,1045,1
2024-03-02,1190,0.3,79.01478853927544,78.23430059268674,94.8399105727096,0.1,974,1
2024-03-03,1144,6.0,88.66877775873759,83.93487841882151,91.99240036401231,1.5,1000,1
2024-03-04,1140,1.2,93.83902002701272,86.81775744946023,92.03239888390512,0.1,1033,0
2024-03-05,1240,0.4,84.56544215612935,84.3740127278159,92.30278378929751,0.2,1066,1
2024-03-06,1267,1.6,92.75679959889578,99.61974027576596,78.19396452392634,0.7,1173,0
2024-03-07,1196,4.1,91.51345075413502,90.61395811681857,87.71169963509547,0.3,1081,0
2024-03-08,1250,2.6,94.63645749800544,90.40379487688662,94.68094782710592,0.5,1161,0
2024-03-09,1218,3.3,92.26790184207077,92.97765715234722,89.21161689915536,0.3,1119,0
2024-03-10,1167,2.2,86.91465529559223,78.88933505775384,81.23886091917855,0.7,963,1
2024-03-11,1218,2.4,97.74285750832246,96.31289429936214,89.32557329653518,0.1,1163,0
2024-03-12,1276,3.8,90.82735213486515,87.39388570771632,99.65463309753295,0.0,1163,0
2024-03-13,1198,0.6,91.80347730245033,93.3638449379297,97.39135029320832,0.2,1120,0
2024-03-14,1278,1.3,87.20366020463402,79.42514213567875,89.43297594380381,0.3,1080,1
2024-03-15,1069,0.5,89.73358874404245,75.56992987187148,95.63369566234852,0.1,911,1
2024-03-16,1241,8.8,86.6959864298655,94.54311726420023,86.4809578777917,0.2,1114,1
2024-03-17,1204,5.8,90.55526970038288,91.01127620878013,78.90677047903968,0.3,1064,1
2024-03-18,1185,0.1,100.0,80.78358756513991,84.43820407122267,0.0,1057,1
2024-03-19,1204,2.4,84.90049428534323,81.04269534980244,99.01733261104918,0.4,1037,1
2024-03-20,1100,5.2,83.41219301061629,97.00347827531816,87.57604150902418,1.1,986,1
2024-03-21,1189,0.4,99.31585163746804,78.48470485706137,88.47969612374989,0.1,1056,1
2024-03-22,1217,1.7,90.78338161424067,100.0,87.94597082235072,0.5,1142,0
2024-03-23,1273,4.9,88.16463630670042,80.79503412281704,100.0,0.5,1114,1
2024-03-24,1174,0.1,97.18952343698038,93.10713540486707,99.74075349217237,0.3,1127,0
2024-03-25,1159,2.4,88.73192230131569,85.37105219400813,100.0,0.6,1038,1
2024-03-26,1174,0.7,100.0,92.82549944865875,88.94072873759968,0.3,1114,0
2024-03-27,1245,5.2,94.86962935669635,83.64708798308646,90.99374693248257,0.4,1115,1
2024-03-28,1216,7.1,88.85044295927149,86.69765675142165,79.83514470347525,0.0,1048,1
2024-03-29,1173,5.8,100.0,88.32735340316577,97.99160655670964,0.6,1113,0
2024-03-30,1225,1.3,88.84142538498331,79.98250035374822,82.7983226923924,0.5,1030,1
2024-03-31,1204,4.0,95.31047686004653,93.92659476336101,90.70065338257578,0.0,1129,0
2024-04-01,1248,3.7,93.12646290203246,83.89429146822732,82.86118483420293,0.2,1090,1
2024-04-02,1164,0.8,98.42870644699398,86.17120067727986,86.34679903956781,1.9,1060,0
2024-04-03,1183,3.5,99.45755598363426,80.0452050031319,84.4514254137018,0.3,1049,1
2024-04-04,1180,0.1,92.15002074532883,67.50133072963752,86.33774843594509,0.3,957,1
2024-04-05,1126,1.8,88.05291064826908,86.47177789919864,86.49526378110613,1.2,980,1
2024-04-06,1214,0.5,94.24986071469559,100.0,86.63538723044954,0.6,1153,0
2024-04-07,1213,0.3,88.58142315123946,94.27683430318419,94.95500347068185,0.4,1117,0
2024-04-08,1200,0.2,100.0,87.84591696212485,83.34082324162488,0.8,1101,0
2024-04-09,1188,2.4,92.44267665541369,85.89687336633386,90.96324856208321,1.0,1063,1
2024-04-10,1129,0.8,90.09339224343945,88.17972714249638,97.18775491383334,0.3,1024,0
2024-04-11,1178,2.6,92.66340152932453,92.37695292140168,86.53082181291963,0.3,1075,0
2024-04-12,1182,0.1,85.25436855235151,78.55349747752925,85.67748665551439,0.2,977,1
2024-04-13,1159,0.8,87.06192980744675,96.91457355735098,88.49685224891849,1.7,1058,0
2024-04-14,1191,1.6,97.84206953972213,93.72305052352995,96.83835125016427,0.6,1143,0
2024-04-15,1220,3.1,88.40552860514302,93.74548580566348,90.69964578572014,0.0,1110,0
2024-04-16,1294,0.8,86.6854450865903,91.50780591047781,86.6927142323544,1.0,1146,1
2024-04-17,1208,2.0,94.48326376263643,88.15693326155191,92.60325990712825,0.3,1106,0
2024-04-18,1212,4.3,97.49852077331498,93.38288988773456,82.74124710098147,0.0,1125,0
2024-04-19,1196,1.9,95.40476655332533,92.73451306993103,93.80315706265769,0.4,1124,0
2024-04-20,1104,0.5,96.93023842902909,85.1676743124718,92.3766438462106,0.3,1008,0
2024-04-21,1198,0.0,88.21602455715269,83.4111858168248,88.1531491731667,1.1,1033,1
2024-04-22,1203,4.1,84.48094666629079,88.8148503620959,84.35348520931662,0.1,1036,1
2024-04-23,1323,0.0,99.50666825977743,100.0,84.67991446629925,0.9,1279,0
2024-04-24,1190,4.2,89.96660080578933,78.08714339476879,92.57890401807546,0.4,1020,1
2024-04-25,1215,1.5,90.59583491772476,76.25979787398047,97.14888301493437,0.0,1046,1
2024-04-26,1198,5.6,98.08097070924529,89.31808672989213,85.33615351782723,1.8,1102,0
2024-04-27,1141,3.2,94.4611500470033,88.40710161484814,92.2703202213089,0.4,1045,0
2024-04-28,1257,12.4,93.03943886040804,89.38673331496327,75.61783788838758,0.2,1107,1
2024-04-29,1237,0.9,100.0,89.951625583268,86.3572936160568,0.3,1153,0
2024-04-30,1239,2.9,88.49240884809927,86.21438196292156,89.37864640277459,1.0,1087,1
2024-05-01,1154,1.0,96.5392006404062,99.91890750881666,84.391899498109,0.2,1101,0
2024-05-02,1270,1.3,92.15506562448543,75.19276817218787,84.18596175126243,0.1,1063,1
2024-05-03,1129,2.0,93.14296139431629,81.37202380175803,85.69332266118668,0.1,981,1
2024-05-04,1229,4.1,99.23234213206266,87.17396191880762,91.13815636995824,0.2,1140,0
2024-05-05,1309,8.3,93.70917878144812,74.85448951076667,87.63102588956174,0.8,1112,1
2024-05-06,1150,2.9,94.40148039524816,86.59316476454343,76.13561260005017,0.3,1007,1
2024-05-07,1171,1.1,97.252536686549,100.0,77.1107990841896,0.1,1104,0
2024-05-08,1204,1.1,90.06523635228558,88.16709190636769,86.19380893285694,0.1,1065,1
2024-05-09,1174,2.7,87.53395166330498,89.84560724574946,92.34111951632131,0.2,1049,1
2024-05-10,1122,0.5,86.72595402989484,77.91868187861935,73.43997094364859,1.4,903,1
2024-05-11,1203,0.2,82.14821705311999,83.06910873568418,86.97161894309022,0.2,1004,1
2024-05-12,1146,0.9,100.0,84.9984289574085,86.70751286089546,2.2,889,1
2024-05-13,1223,0.7,86.41395817139158,85.45827922595012,98.22502666925068,0.3,1081,1
2024-05-14,1154,0.7,90.82373188207114,98.25315036003015,87.58486912972282,0.1,1074,0
2024-05-15,1277,0.5,90.5659335005554,92.461528485801,92.22293390844557,1.1,1170,0
2024-05-16,1160,0.1,93.5270334890455,79.10833634450374,90.83254284052478,0.3,1011,1
2024-05-17,1183,0.0,96.07868606269648,89.97203822745604,77.2166011211568,0.6,1063,1
2024-05-18,1240,8.8,95.42236744179873,91.98577398797428,93.28924329979043,2.1,986,1
2024-05-19,1138,1.1,88.97461280715531,97.12119230817014,91.12737903273772,0.0,1054,0
2024-05-20,1211,1.0,91.06439143106795,100.0,92.89961183804753,0.1,1150,0
2024-05-21,1265,2.3,93.1828997524415,79.87924646537705,100.0,0.6,1128,1
2024-05-22,1119,0.5,90.70654436908227,81.51313991031729,77.42032236300847,0.2,944,1
2024-05-23,1209,6.0,99.43672788009997,77.93937712868308,99.44817989856665,0.1,1098,0
2024-05-24,1212,3.1,94.14487475819125,86.12784112714415,87.81031488359787,0.0,1086,1
2024-05-25,1239,0.2,95.6543889302491,91.73086699557068,91.69397342641805,0.0,1155,0
2024-05-26,1138,1.1,95.20440634333707,95.89867613271281,89.56192652819254,0.7,1073,0
2024-05-27,1133,4.2,97.44736928742662,87.39239181085982,86.82458199961174,0.1,1034,0
2024-05-28,1226,5.8,92.32510779351854,85.44121981396125,85.71100243056745,0.3,1081,1
2024-05-29,1214,1.3,85.38584026022077,89.21406393798992,91.78205241343807,0.5,1070,1
2024-05-30,1212,1.9,93.80843975876321,81.31885678695981,80.61195781996993,0.3,1044,1
2024-05-31,1217,0.4,88.70321553104085,100.0,94.4434750051306,0.0,1148,0
2024-06-01,1165,118.2,77.53691659125121,75.13871178305553,69.77283357068848,4.0,742,1
2024-06-02,1211,6.6,94.27182009377547,89.47792463116579,82.22958396575785,0.0,1089,1
2024-06-03,1214,71.5,91.04141535716818,100.0,76.57492285202513,3.0,946,1
2024-06-04,1164,26.2,89.4863578836803,88.05439875647998,93.61289530117543,1.1,1044,1
2024-06-05,1293,23.4,91.20416506299482,86.47968771998805,83.27798947790265,0.3,1134,1
2024-06-06,1223,18.0,98.7110747231762,85.14043661751658,89.45072170925772,0.4,1118,0
2024-06-07,1140,6.6,92.54376589744284,86.55686654590073,84.62426234570717,0.3,1009,1
2024-06-08,1232,4.9,100.0,98.98278779741224,93.81253109954172,0.2,1211,0
2024-06-09,1151,6.2,94.20754822815772,70.30510470936395,93.18304643274122,1.1,971,1
2024-06-10,1239,5.2,82.67618620422091,100.0,100.0,1.1,1153,0
2024-06-11,1257,37.8,91.98670810552267,76.60834278039884,83.2766163270047,0.2,1057,1
2024-06-12,1158,10.8,92.82579192441389,85.86678136612468,92.39192882854744,0.5,1041,1
2024-06-13,1248,1.5,98.29876377041373,84.5660446376107,90.36340523723368,1.3,1138,0
2024-06-14,1220,86.9,86.67590675634979,92.70842615816576,84.74023069117808,5.1,919,1
2024-06-15,1241,53.8,85.92772008008113,75.21500518493002,77.61700567434762,4.8,843,1
2024-06-16,1294,65.7,79.30850881855318,91.69738132865554,84.61503187726369,5.9,938,1
2024-06-17,1187,132.0,77.75488371356987,100.0,69.03181622329991,3.6,856,1
2024-06-18,1162,4.8,87.2673977289535,77.09460796325752,88.89487093734901,1.6,970,1
2024-06-19,1155,12.6,87.83738275097637,89.51764934088317,88.66051490669024,0.1,1024,1
2024-06-20,1159,35.5,91.39289202210306,82.70414257762712,86.18844237856005,0.4,1006,1
2024-06-21,1196,29.8,97.36952252175703,91.40709764954428,84.83262574126826,0.2,1106,0
2024-06-22,1217,4.2,93.5533576491149,88.15318221932601,90.65827909902316,0.2,1105,0
2024-06-23,1213,42.3,81.79058468982407,82.86810472764552,93.1237083453731,4.0,871,1
2024-06-24,1241,6.4,93.58301334110071,91.90297827896859,94.95269811369131,3.4,982,1
2024-06-25,1200,6.3,97.35315743322826,100.0,94.26992755498138,0.0,1173,0
2024-06-26,1272,19.2,87.03108547840309,86.4727696661816,84.38676284385679,0.4,1097,1
2024-06-27,1186,22.5,89.0799141666354,93.75806353718545,81.28955503063005,0.0,1060,1
2024-06-28,1336,21.7,89.90344097364598,77.65381633703069,92.47680334942652,0.1,1142,1
2024-06-29,1231,2.4,87.8355084345888,80.34850898545594,94.89628075517876,0.3,1061,1
2024-06-30,1157,52.5,89.9914021692193,91.77925022304302,90.9610240545059,3.1,893,1
2024-07-01,1146,7.7,90.6252592569611,99.87292822828772,85.22111624418463,0.1,1068,0
2024-07-02,1224,3.5,93.74766221953514,90.84490679028528,88.09770806783791,0.2,1119,0
2024-07-03,1188,54.9,82.07253911098951,85.49553575581477,71.9280950248474,5.6,822,1
2024-07-04,1235,77.9,82.02270849838294,87.99433124338684,75.96017336363477,3.5,873,1
2024-07-05,1223,49.5,90.66190678913885,77.99673812824226,88.55442306347669,5.0,885,1
2024-07-06,1196,41.5,85.98583423954116,92.83612261084293,80.97602772463082,5.6,891,1
2024-07-07,1157,26.6,97.97481925616702,95.05866449858728,89.85287877120494,0.2,1101,0
2024-07-08,1124,20.0,88.00181907192699,84.38327733733536,85.85698136401314,0.4,968,1
2024-07-09,1177,2.3,92.89342362875942,84.23966281792399,91.59934216932936,1.2,1049,1
2024-07-10,1242,13.1,95.35295415936545,90.1270258372164,81.148851661106,0.0,1123,0
2024-07-11,1210,11.7,83.73817133533484,84.50624211167523,88.75625669780341,0.8,1029,1
2024-07-12,1137,7.5,82.44595594009613,87.47093908299343,70.92818417459566,1.5,934,1
2024-07-13,1208,32.1,81.16171842714954,100.0,84.06362305102809,0.0,1078,1
2024-07-14,1219,17.1,96.60292051713591,86.02379439403202,77.65216053770916,0.1,1079,1
2024-07-15,1155,2.1,89.03070927053777,85.13327878383022,96.9209670992809,1.6,1028,1
2024-07-16,1207,6.2,100.0,82.81966555491873,93.73444411658706,0.4,1108,0
2024-07-17,1202,28.7,86.30876200671305,93.9535357719995,88.49502589179647,0.0,1079,1
2024-07-18,1142,2.0,92.72275651598518,86.55020661425517,98.82603736295628,0.1,1044,0
2024-07-19,1217,47.6,94.95054976283937,82.80501569342859,77.16650087505097,3.2,895,1
2024-07-20,1228,17.1,100.0,98.5704322581841,97.91917918749336,0.6,1215,0
2024-07-21,1254,16.4,100.0,99.3568240361091,93.13314938556232,0.7,1233,0
2024-07-22,1252,22.4,95.80183115296572,83.19661147409036,85.22066827668633,2.7,943,1
2024-07-23,1131,43.5,92.77031262905732,73.06768038911507,90.28872088309765,2.6,811,1
2024-07-24,1153,10.7,93.89263474600592,96.06010951869538,81.75723892553019,0.4,1064,0
2024-07-25,1225,28.3,93.06180538083319,82.52296139391997,80.80791503083395,0.4,1058,1
2024-07-26,1225,20.9,87.15407141835733,94.32500479330216,83.21346166056179,0.3,1093,1
2024-07-27,1225,7.8,87.12900558288847,72.23916945830531,85.65613375161591,0.1,990,1
2024-07-28,1392,52.7,86.71312771294524,95.14077870639447,75.75565414343848,4.0,1039,1
2024-07-29,1228,39.9,87.15907688737536,78.31062456575376,91.35349840257194,1.0,1037,1
2024-07-30,1256,26.9,87.04385975336362,93.8461129525322,84.41187359778101,0.3,1120,1
2024-07-31,1247,47.5,90.73193723728357,88.11418454269148,84.99002981014128,2.5,938,1
2024-08-01,1232,50.5,91.72652604285256,80.36848464482684,79.00289180151792,3.2,886,1
2024-08-02,1184,30.8,89.36203443145924,84.74370949658575,74.45638019670889,0.4,1000,1
2024-08-03,1237,45.4,94.8476504052763,93.4905476556536,84.81034415034853,5.4,970,1
2024-08-04,1161,29.9,83.30155442933248,88.84715562492187,74.04147014748133,0.4,971,1
2024-08-05,1188,28.5,88.18170270360142,92.67530384377987,85.31319572348718,2.3,902,1
2024-08-06,1175,24.1,86.00588839698598,100.0,78.17510976700314,0.5,1057,1
2024-08-07,1204,34.9,79.1773169146347,75.4860671063116,96.68865599538485,0.2,977,1
2024-08-08,1315,4.3,91.15659657078649,100.0,94.82317633304834,0.7,1254,0
2024-08-09,1106,53.2,86.0712624580836,88.8348475001857,82.65452274762887,5.2,813,1
2024-08-10,1234,51.4,94.42724871621066,80.80972761341498,89.87224006592801,5.8,923,1
2024-08-11,1119,0.7,95.0840584227739,77.35749099408808,84.81710413520558,0.2,961,1
2024-08-12,1176,43.7,82.50906587835397,86.48703687378374,86.70587627202055,5.4,849,1
2024-08-13,1254,3.4,100.0,95.37320089539567,90.68886260231227,0.8,1207,0
2024-08-14,1203,10.2,97.08516847762677,86.97960703697973,90.05412048800201,0.3,1102,0
2024-08-15,1146,34.0,91.51048851734308,100.0,92.53412100064061,0.8,1089,0
2024-08-16,1164,4.4,90.42757950575084,76.39059447958753,93.73495261667881,0.4,994,1
2024-08-17,1233,42.6,82.9428038163826,87.90328841723156,85.34234197695014,3.0,895,1
2024-08-18,1163,44.6,85.67896611964474,77.98085244469505,73.38067538263023,5.5,792,1
2024-08-19,1210,17.7,95.67374309852093,90.90905506099975,81.58472222832322,0.1,1100,0
2024-08-20,1202,0.2,100.0,95.0950991207784,89.23374639842565,0.1,1152,0
2024-08-21,1167,8.5,98.86621764136095,84.63390565055157,89.28523424565991,0.4,1064,0
2024-08-22,1307,24.0,87.15575289106863,67.16628914698293,79.61877765195646,0.2,1014,1
2024-08-23,1231,99.3,76.47191283355494,89.59158517437196,89.57506005347054,5.4,882,1
2024-08-24,1098,25.0,90.20443123455603,91.49390841386807,95.34836433152144,0.5,1007,0
2024-08-25,1209,7.5,82.40780317218574,91.23435803969357,92.4877099223549,0.4,1063,1
2024-08-26,1166,25.1,91.10583857092391,97.88625753457723,86.66722116770246,0.3,1083,0
2024-08-27,1242,19.4,89.32198706850666,79.43157056280761,85.81674618059309,1.7,1051,1
2024-08-28,1160,37.8,85.88981749065879,93.4417288436036,78.61848923986659,0.4,1014,1
2024-08-29,1194,2.8,83.74648466366602,97.5400600998238,90.04488311111318,1.0,1080,0
2024-08-30,1225,35.8,90.98800053284859,73.77129932794787,86.1765152408565,0.1,1018,1
2024-08-31,1243,19.5,87.38649580169044,90.55721460735182,79.62443654711025,0.4,1082,1
2024-09-01,1139,82.4,77.91041582144857,83.96656135193862,79.64505850346939,3.8,781,1
2024-09-02,1183,10.5,76.58868893359175,87.34781861518684,87.4934457070515,0.4,982,1
2024-09-03,1176,25.0,89.36242547474681,90.78141186830669,74.80315465273566,0.6,1023,1
2024-09-04,1167,67.2,94.14125798334872,84.10217148709158,74.75768993532299,4.8,855,1
2024-09-05,1288,2.7,100.0,82.5943353667071,87.11336679947013,0.0,1165,0
2024-09-06,1220,69.2,82.79451871706864,88.2732193399042,90.94612594404114,5.4,898,1
2024-09-07,1136,29.1,86.0789396981911,79.30203248909758,88.97431874720256,0.3,953,1
2024-09-08,1245,1.8,94.16387128037512,79.31339896891852,81.71711058540066,1.0,1067,1
2024-09-09,1306,9.0,86.10807280405854,93.43498626365202,91.56621773650583,0.1,1177,0
2024-09-10,1251,30.8,90.42895949909733,78.80964771873076,76.09617606636981,1.7,1037,1
2024-09-11,1124,1.7,95.66040139192344,93.3305000072737,96.24114632332244,1.6,1066,0
2024-09-12,1175,21.8,95.95466611942153,91.7007303428316,83.90325208909273,0.1,1079,0
2024-09-13,1263,10.6,90.43922961760023,74.19354616967523,87.84818286756497,0.2,1053,1
2024-09-14,1164,24.2,88.56163124911517,82.57948278131477,94.32477988525315,1.1,1016,1
2024-09-15,1222,1.2,87.49008706621719,97.55287522437898,82.09701858849449,1.7,1105,0
2024-09-16,1238,51.3,82.7355982298007,80.15067575088254,73.92229088932206,5.8,841,1
2024-09-17,1153,90.8,81.78760554049236,84.28476590152489,72.87840404192397,4.7,793,1
2024-09-18,1197,86.7,85.1668275340809,91.69648714601517,83.2252731061159,4.5,889,1
2024-09-19,1037,34.6,93.10792313116626,94.26712407426076,75.69392354713895,0.6,934,0
2024-09-20,1148,3.5,87.63410524659828,85.98768891164403,72.48206641133658,0.2,963,1
2024-09-21,1187,35.5,95.91344284479761,83.21991844246686,81.968046849546,0.7,1045,1
2024-09-22,1137,0.6,90.58438199478715,99.37895889358806,93.22044479946553,0.0,1075,0
2024-09-23,1281,0.6,91.83316352825781,100.0,97.11157049843297,0.0,1231,0
2024-09-24,1128,9.8,87.28394160426087,95.83086440625436,85.75103182748761,0.2,1019,0
2024-09-25,1177,16.8,78.19879869863529,88.68254514052019,85.01144035730398,0.2,985,1
2024-09-26,1206,36.8,92.74022698180525,81.53387422687258,91.40340440553449,0.2,1061,1
2024-09-27,1272,28.7,92.81421948546216,81.35644474754747,74.47654980182747,0.3,1075,1
2024-09-28,1128,14.8,89.11336221440892,92.18011284212606,85.44887534890195,0.2,1010,1
2024-09-29,1258,8.0,91.53495358612436,91.34718576710947,89.94254333955034,0.1,1146,0
2024-09-30,1200,146.3,79.94969608852048,99.21278874357144,70.75031232771022,3.4,875,1
2024-10-01,1150,1.1,84.07727071556728,93.20360074028912,86.7761598408547,1.8,1015,1
2024-10-02,1223,1.2,89.23473661326852,75.97535758592146,90.02664607023505,0.3,1028,1
2024-10-03,1209,0.4,95.93132339810913,96.41558094178335,75.01003587952206,0.3,1111,0
2024-10-04,1169,3.2,85.40855288415376,80.0155149814847,85.57050952599691,0.4,973,1
2024-10-05,1203,2.4,93.22778966083315,84.92822982438119,92.3610522753268,2.0,1079,1
2024-10-06,1180,0.5,85.16709097688297,90.00160165001355,84.03123579447193,0.1,1025,1
2024-10-07,1205,0.2,94.31214991216764,100.0,90.32390532953758,0.6,1154,0
2024-10-08,1233,2.3,91.59179258851258,100.0,92.33623500481619,0.6,1172,0
2024-10-09,1279,2.1,83.71434092047245,92.85378447308946,87.62970479485341,0.5,1127,1
2024-10-10,1138,0.6,97.76369677228585,86.5344270502369,90.93278262597943,0.0,1045,0
2024-10-11,1306,6.0,87.72704211600976,92.2760451878444,83.32360460829231,0.6,1157,1
2024-10-12,1102,0.3,87.9187378149281,95.10124340699069,88.71533232182372,0.0,1002,0
2024-10-13,1192,1.1,92.89284598615471,85.43465899554246,93.49629701753533,0.5,1073,0
2024-10-14,1229,5.8,97.16318674714358,100.0,90.0718377658106,0.7,1190,0
2024-10-15,1214,1.1,86.81089090510801,89.84056607353122,86.31581238261639,0.1,1067,1
2024-10-16,1168,2.0,92.10839924923985,91.98194471273115,91.04529842574476,0.9,1072,0
2024-10-17,1189,1.0,94.04408250165287,93.32739401643569,94.1376587438197,0.0,1114,0
2024-10-18,1175,0.6,95.40552803631572,91.37269288491565,77.61035232853513,0.9,1060,0
2024-10-19,1170,8.3,92.05220777638613,94.71152400375689,95.70944438973538,0.3,1098,0
2024-10-20,1242,1.1,90.05486080458338,83.06197450762461,87.81747156791356,0.1,1078,1
2024-10-21,1217,4.5,87.4120488967564,83.53358596843175,91.87793959944139,0.1,1055,1
2024-10-22,1165,0.5,92.38071941523188,79.19876613622644,97.10848154187137,1.5,1025,1
2024-10-23,1244,0.5,86.58930494007197,91.51600984496181,81.6949578166172,0.0,1089,1
2024-10-24,1215,0.1,77.38324758252696,94.23149202809691,85.72835398543472,0.1,1042,1
2024-10-25,1240,2.1,93.97279902078834,91.66218292921509,87.95370782474578,0.2,1138,0
2024-10-26,1231,0.9,96.42967420543097,100.0,85.16247887325342,0.5,1176,0
2024-10-27,1158,4.0,79.7853378222908,87.95523184936762,99.80961945502085,0.4,1008,1
2024-10-28,1171,1.3,86.82134647645032,93.3499332447401,84.66436743703925,0.1,1042,1
2024-10-29,1237,6.9,94.405771305026,79.26639299088549,85.6317193230788,0.2,1071,1
2024-10-30,1230,0.4,100.0,84.90320238020479,91.16633418961786,0.1,1133,0
2024-10-31,1198,4.1,91.69396853837705,93.56430206052622,82.17210284354347,0.1,1084,0
2024-11-01,1205,3.0,88.05998529385433,94.79281688594516,87.17591572946242,0.3,1091,0
2024-11-02,1263,2.9,90.7955177944758,85.64826441868654,91.46971956750104,0.6,1122,1
2024-11-03,1170,3.7,98.50438209574092,87.42720598513546,87.44783757370493,0.1,1074,0
2024-11-04,1227,2.9,88.48017910437731,75.85701002655352,89.00467884660031,0.2,1024,1
2024-11-05,1189,2.0,87.80403996674873,85.14376639354712,86.52400732530978,0.2,1028,1
2024-11-06,1189,0.3,89.55628238908983,95.12306530815829,80.86817814491539,1.9,1070,1
2024-11-07,1254,0.1,87.22335695870643,92.60164012885252,91.91455926803543,1.5,1132,0
2024-11-08,1241,5.1,92.10335157997397,92.00532577104968,99.76459842988345,0.8,1161,0
2024-11-09,1240,1.9,99.9333922923478,88.39818949744767,89.82540978470064,0.1,1156,0
2024-11-10,1265,3.2,93.29539636558015,88.05650526902541,90.8715847034853,0.0,1147,0
2024-11-11,1201,1.3,90.60823248936856,82.71743088421242,93.96133653070116,0.2,1058,1
2024-11-12,1234,0.2,90.52094365542229,93.59062736162028,82.35401702071981,0.2,1112,0
2024-11-13,1184,0.3,84.15404595651671,91.36778355511512,100.0,0.4,1068,0
2024-11-14,1216,2.3,96.18554888573578,91.9361507839424,90.86897277853681,0.8,1136,0
2024-11-15,1193,1.1,91.500814014936,83.79172125865935,99.62614139453464,1.0,1074,0
2024-11-16,1204,0.4,91.05760043204687,70.77325664103004,85.54180202685606,0.9,985,1
2024-11-17,1229,1.4,100.0,96.77722169402956,100.0,0.2,1213,0
2024-11-18,1159,0.1,93.48376454182842,84.16930035193276,94.63593296420869,0.6,1042,1
2024-11-19,1304,1.7,88.07104474952408,81.09779388765503,93.06324051511416,0.2,1125,1
2024-11-20,1149,0.6,89.80821201897228,93.54783129531195,91.31414672611888,0.0,1052,0
2024-11-21,1139,3.2,97.42222854598378,84.86389888064696,88.0288282915533,0.6,1031,0
2024-11-22,1257,0.7,92.49635205268883,96.47949107237298,97.09818995084323,0.0,1194,0
2024-11-23,1239,1.2,84.68861010841316,92.93604759661358,90.66215921908828,0.3,1104,1
2024-11-24,1231,0.0,96.59614467287602,93.46855458560383,78.19758177847709,0.2,1128,0
2024-11-25,1231,0.2,88.63927957230503,77.07235431039572,83.26688122975798,0.6,1020,1
2024-11-26,1199,1.0,100.0,97.6955518830912,88.73492548684351,0.7,1160,0
2024-11-27,1155,1.3,97.27024032857325,90.09000424987084,91.66499389899333,0.2,1077,0
2024-11-28,1203,1.8,89.58339052170624,85.04578288603038,89.39046906660063,0.8,1055,1
2024-11-29,1166,0.7,98.33508180867557,89.14710773873801,97.20882473876198,0.2,1101,0
2024-11-30,1248,2.4,92.09927755263702,73.79011813681345,77.93338881576825,0.3,1022,1
2024-12-01,1192,3.9,95.8738683756111,91.26922249184537,90.27652761903097,0.6,1107,0
2024-12-02,1158,3.0,94.12366408647237,79.76502793454343,78.64212464767706,0.6,987,1
2024-12-03,1183,0.1,87.75821672504563,77.17863771325173,94.54327377290501,2.2,853,1
2024-12-04,1220,1.3,88.6522508384127,75.82112651025687,89.23824771334799,0.1,1020,1
2024-12-05,1171,0.2,97.12980408790581,96.9015069999194,92.48765983214471,0.5,1125,0
2024-12-06,1158,0.6,90.2661233394673,82.96589285045769,84.7267022364614,0.5,998,1
2024-12-07,1212,8.6,89.12175768379002,100.0,96.3867895899465,1.2,1150,0
2024-12-08,1212,0.3,87.19438710325323,83.71358829558162,96.20534798435311,0.1,1061,1
2024-12-09,1174,1.4,93.9779953279673,74.34113633925642,93.29126581807134,0.7,1009,1
2024-12-10,1176,1.9,100.0,79.06780448041073,88.93789651881936,0.4,1051,1
2024-12-11,1211,2.4,86.42233542872864,97.8864929600555,93.11914371177079,0.2,1118,0
2024-12-12,1127,1.6,91.9610972833638,86.75281457650667,85.51864459207592,0.3,998,1
2024-12-13,1129,0.0,99.06110277707715,83.61370162807519,95.13333395412427,0.2,1039,0
2024-12-14,1164,0.8,91.52179304377142,89.2801458068223,99.77688536594353,0.4,1074,0
2024-12-15,1189,1.5,94.11185898124866,92.01426188934036,96.19866335987513,1.1,1113,0
2024-12-16,1215,0.2,86.66803235926561,96.93919052721968,85.59238518115554,0.4,1100,0
2024-12-17,1273,0.9,94.05153548603823,99.58799383914341,92.03350390363862,0.5,1220,0
2024-12-18,1242,0.1,91.05427867497725,85.12185083368732,82.22615073744811,0.4,1079,1
2024-12-19,1192,0.2,96.90864997839932,77.3916185113437,93.40434186705406,0.0,1053,1
2024-12-20,1199,1.0,97.83693025782377,84.69227871101378,92.55362047717523,0.1,1097,0
2024-12-21,1149,0.3,100.0,90.08224405266309,78.73610196280701,0.3,1054,0
2024-12-22,1199,1.7,94.72816586606788,80.28992859031511,82.77429693652581,0.2,1037,1
2024-12-23,1185,2.3,93.39898158291084,80.34279268083965,87.9561666195374,0.1,1031,1
2024-12-24,1216,3.2,92.65192150788668,90.75030305239909,87.71484151715504,0.4,1105,0
2024-12-25,1158,0.4,90.19416853594655,87.61078118743639,82.68313838748716,0.2,1015,1
2024-12-26,1225,0.4,93.65241921730845,88.2623759632927,92.2738723761131,0.1,1117,0
2024-12-27,1276,0.2,90.50299294930485,81.93203732239944,91.47884165364307,0.3,1113,1
2024-12-28,1194,2.0,92.64230488134807,86.15679428635386,88.53438520812888,0.1,1065,1
2024-12-29,1220,2.5,98.3379876780398,80.60613484585356,85.09025099904983,1.3,1080,1
2024-12-30,1234,0.1,86.95728717360178,95.1215872889983,96.27724275849938,1.0,1136,0
2024-12-31,1179,5.5,97.14939280564523,96.28199467779002,99.10744267852976,0.6,1145,0
2025-01-01,1211,0.1,98.57557533669932,73.23049710209526,87.08363109692078,0.1,1043,1
2025-01-02,1200,1.6,91.24965736504461,80.56391311846072,86.08699849707108,0.7,1031,1
2025-01-03,1204,2.5,81.14072550495703,76.02776595927936,92.57224599247198,0.8,979,1
2025-01-04,1161,4.1,88.55089006452783,82.79980852474482,87.23682372151809,0.7,998,1
2025-01-05,1201,2.5,98.23497273280555,87.33249624167712,88.78861679602059,0.1,1104,0
2025-01-06,1224,3.2,91.56565968850559,76.40283824241176,93.95791891034803,0.5,1052,1
2025-01-07,1272,0.8,86.92348883852544,80.6251214949975,78.42386347495624,0.9,1051,1
2025-01-08,1247,3.4,89.1361253938589,79.96834102334802,97.39981394911601,0.4,1086,1
2025-01-09,1307,0.2,96.18310013252277,89.65813863519155,90.40608314597604,0.5,1207,0
2025-01-10,1161,4.5,94.28366784100689,88.55475469629,86.85604113262693,0.3,1050,0
2025-01-11,1243,1.6,90.64533950415154,82.22609957330198,89.22459507467131,0.4,1081,1
2025-01-12,1209,3.4,89.82587794092656,89.41456697711519,89.2645761301231,0.0,1082,1
2025-01-13,1309,1.2,89.92120925478089,83.62655932330188,79.43279217933043,0.5,1116,1
2025-01-14,1159,2.1,87.17794907750749,85.82675911739157,98.65462936471941,0.0,1030,1
2025-01-15,1158,1.5,99.9268784473472,100.0,90.02295379362371,0.3,1134,0
2025-01-16,1170,2.6,90.1283976539433,98.72368841432278,92.26801278268425,0.2,1099,0
2025-01-17,1093,0.2,98.06579260412748,77.60335010457922,95.67929862344425,0.4,977,1
2025-01-18,1173,0.1,99.59658025961225,94.6378593430334,83.85802525463819,0.1,1108,0
2025-01-19,1162,0.6,96.9315544907398,94.49117243593274,92.75083139421136,0.6,1105,0
2025-01-20,1207,0.3,89.81189843640976,78.81389368997905,88.34915345460723,0.8,1027,1
2025-01-21,1217,4.1,93.60865045168305,94.55022115003888,94.46562465129897,0.1,1145,0
2025-01-22,1293,0.5,91.82902196804542,100.0,77.16163547789102,0.1,1191,0
2025-01-23,1247,7.4,86.74149069634936,79.0196415500447,88.29543419855239,0.1,1047,1
2025-01-24,1171,0.8,93.54179640860802,80.65997743188589,86.26307606529623,1.0,1017,1
2025-01-25,1155,0.4,86.06480104420098,96.14129173474802,92.53357770380494,0.4,1055,0
2025-01-26,1224,3.1,97.62839694230782,90.17196248660518,92.35526512420921,0.3,1145,0
2025-01-27,1133,2.2,89.45691351350804,92.41181020191618,85.42424463106785,0.1,1017,1
2025-01-28,1291,1.4,92.8657982793642,90.72471373120398,85.51695681494374,0.5,1168,0
2025-01-29,1258,1.6,93.25643935773071,91.12556736742515,89.09600778865602,1.0,1151,0
2025-01-30,1176,2.5,90.45547513147962,77.38822297351133,84.24514663610876,0.9,987,1
2025-01-31,1114,0.5,94.88346900737638,96.37854165297159,94.97690217271276,0.5,1063,0
2025-02-01,1267,11.2,88.50548171688737,97.35671993942219,86.10475679731532,0.0,1160,0
2025-02-02,1194,7.4,95.61648648728622,86.16487404745578,71.44807068407015,0.1,1038,1
2025-02-03,1261,2.1,85.06010159876627,87.6521844014891,87.43606766026916,0.0,1091,1
2025-02-04,1120,0.4,92.59189789773205,75.75113997955422,83.70873707493617,0.1,941,1
2025-02-05,1170,2.3,100.0,92.11403804814267,79.86734510723433,0.1,1085,0
2025-02-06,1200,0.1,86.98834337697213,92.57645953371315,82.56044017066456,0.2,1060,1
2025-02-07,1202,0.1,88.60127514737573,87.50247186400551,90.64145083099783,0.2,1064,1
2025-02-08,1177,0.6,94.50953924829457,96.99482687896402,97.88184496948938,1.4,1132,0
2025-02-09,1231,1.2,92.77790890969798,85.32738215216048,91.69910684318987,0.5,1102,1
2025-02-10,1146,4.1,93.3431504963678,92.5168474071488,85.74597967070557,0.9,1048,0
2025-02-11,1192,2.6,94.18593565073832,79.84268529046308,92.34542517102422,0.6,1049,1
2025-02-12,1206,2.7,94.90360734280885,87.8115827930061,86.84045813868605,0.1,1090,0
2025-02-13,1225,1.1,97.43849920978111,86.60516593677731,85.66739778502112,0.7,1111,0
2025-02-14,1235,0.8,93.96909328464257,89.80246337632754,82.95382399060209,0.2,1112,0
2025-02-15,1143,0.9,90.70371172690729,85.04378456933313,79.35402715948968,0.5,984,1
2025-02-16,1123,8.8,94.48286850601366,86.94821923462666,86.34045776064333,0.2,1008,1
2025-02-17,1263,0.1,100.0,94.60837737153204,90.9333209395208,3.0,1030,1
2025-02-18,1216,4.0,90.93683126808713,84.50588610209427,88.82025797991066,0.2,1069,1
2025-02-19,1162,1.7,86.95735347664679,75.14738319409057,87.24919843231585,0.2,956,1
2025-02-20,1277,1.2,97.41540334643486,100.0,84.1455236358193,1.3,1223,0
2025-02-21,1205,2.6,91.138094180232,99.0516326295239,93.25947715010982,0.0,1141,0
2025-02-22,1258,1.3,81.00665226992983,77.66189843915505,81.9022084803205,0.6,1004,1
2025-02-23,1203,4.1,95.82710838575211,93.51766244196156,94.04116748306086,0.6,1137,0
2025-02-24,1303,4.6,88.86335907023039,83.97620183558925,83.29669788643966,0.9,1117,1
2025-02-25,1287,1.1,91.43733358847919,90.10789772264847,85.32038857588178,1.8,1154,1
2025-02-26,1187,0.6,93.59990165284508,90.35379303210794,81.10928885630594,1.9,1065,1
2025-02-27,1248,1.8,92.77249839889532,86.12473759746942,86.72158711868619,0.0,1109,1
2025-02-28,1232,4.9,95.05725908569521,81.72987467530882,95.11687475086788,0.9,1105,1
2025-03-01,1268,0.5,89.77256814715079,82.47567158146992,93.01876853066373,0.5,1109,1
2025-03-02,1151,2.0,94.3655289908804,80.67046467615006,95.57053267216821,0.5,1025,1
2025-03-03,1234,2.0,90.5022666120804,81.34542233415644,92.83285527560362,0.1,1077,1
2025-03-04,1252,2.6,95.43405240443751,87.46257367960516,82.98798102881779,0.5,1123,1
2025-03-05,1112,0.3,95.04683742006526,82.27392008711399,87.97026465403465,2.0,984,1
2025-03-06,1140,2.5,87.07280648977702,93.45641652570096,84.94380522529522,1.2,1016,1
2025-03-07,1098,4.8,96.94991058087516,99.89796924268742,97.26344942423424,0.3,1078,0
2025-03-08,1186,0.4,89.28018277442975,83.35957406903965,82.75926812144213,0.0,1015,1
2025-03-09,1235,0.5,95.99028899140573,89.91523600428302,95.28718613633467,0.2,1153,0
2025-03-10,1275,7.1,93.1264365670067,91.99748088242347,94.29272322065262,0.9,1184,0
2025-03-11,1203,0.4,100.0,91.7760181673542,100.0,0.6,1163,0
2025-03-12,1281,3.9,90.49267008814074,88.6076421433287,86.95688044422302,0.3,1140,1
2025-03-13,1130,1.4,90.11341601940902,93.94145934687778,94.06393295748097,0.0,1044,0
2025-03-14,1114,0.6,91.84290197056133,91.85799162144525,100.0,0.3,1041,0
2025-03-15,1197,4.1,90.07410108582863,78.09870062138162,85.67914993839783,0.3,1010,1
2025-03-16,1219,1.2,95.87970950971025,94.95324851511418,80.60975851480583,1.3,1127,0
2025-03-17,1198,1.4,83.77844695781705,95.09832669813393,78.50993979655343,0.5,1045,1
2025-03-18,1096,0.9,86.64158790426822,81.89371116657135,94.14127217316798,0.2,945,1
2025-03-19,1195,1.8,86.48098539210403,88.30350268358082,78.4310987516485,0.4,1022,1
2025-03-20,1134,0.4,96.71153795986787,93.46663194248856,87.70608568237246,0.0,1061,0
2025-03-21,1233,1.0,100.0,86.32548944336511,92.47387912223375,1.8,1146,0
2025-03-22,1218,7.0,90.77775390731264,96.5838243821281,90.06105322097949,0.2,1132,0
2025-03-23,1153,0.6,91.09589138404995,100.0,92.46266918510503,0.3,1094,0
2025-03-24,1174,2.1,92.14026081556591,81.71211173892014,91.01873913480513,0.2,1030,1
2025-03-25,1147,0.8,97.72939151304095,76.9516431747698,97.55319487988035,0.6,1025,1
2025-03-26,1196,3.0,87.06323432904713,90.430548764839,83.83610171556721,0.5,1049,1
2025-03-27,1247,0.3,93.16184491367393,93.77250004100915,85.8930291692488,0.6,1146,0
2025-03-28,1150,7.0,96.17598814891214,86.15306900924185,84.31404332837506,0.2,1032,1
2025-03-29,1225,1.2,94.38547084969922,99.62608530656827,94.80115087117565,0.2,1182,0
2025-03-30,1173,0.5,92.89790808299372,77.29115360221401,95.32739153037038,0.1,1022,1
2025-03-31,1160,0.2,96.98523046283572,93.54334898425289,92.67735191591105,0.5,1099,0
2025-04-01,1194,0.4,78.4438385350038,83.15311343392885,97.04096200133957,0.0,1003,1
2025-04-02,1148,1.5,95.23937659765453,100.0,82.70675479574172,0.5,1086,0
2025-04-03,1172,0.8,88.64962158436288,100.0,99.88334466930681,1.0,1118,0
2025-04-04,1140,3.5,82.49683551571772,81.86674729773321,98.61443173027354,1.1,974,1
2025-04-05,1298,1.1,94.4460129976249,83.60354291273136,94.24873198347447,0.3,1169,0
2025-04-06,1201,0.6,98.80829272581478,94.87670309583842,100.0,0.3,1170,0
2025-04-07,1165,1.9,91.12275742686154,84.90295480168388,79.77526075393337,0.0,1006,1
2025-04-08,1210,2.5,96.51437273601469,87.63671025654209,86.4783111824241,0.6,1100,0
2025-04-09,1194,0.4,100.0,88.20310736433927,85.52817923590828,0.9,1103,0
2025-04-10,1188,0.4,98.53457226792023,72.64261475041874,94.26887594254406,0.1,1037,1
2025-04-11,1230,0.1,100.0,87.8892980312461,83.68415556238712,0.3,1130,0
2025-04-12,1237,2.7,95.44063745535946,82.48217780748661,94.1399708960249,0.9,1113,1
2025-04-13,1173,2.2,92.15716819450796,84.05501742080182,97.89321686398029,1.0,1056,0
2025-04-14,1171,1.3,83.86017094051417,99.54905602775051,93.976217400504,0.1,1079,0
2025-04-15,1186,3.7,90.39968755935026,77.94794484576595,91.147506141969,0.4,1014,1
2025-04-16,1084,3.3,87.45376702341905,94.50564149398382,83.5777599545955,0.1,970,1
2025-04-17,1124,1.8,100.0,85.76829655734554,84.64889420324782,0.1,1025,0
2025-04-18,1268,4.1,90.71057093783833,85.76191865203333,96.88271343178,1.2,1140,1
2025-04-19,1282,0.5,92.56602403392243,94.32297516841369,94.601094023432,0.9,1200,0
2025-04-20,1187,0.2,94.73742688020234,90.72041035655113,89.73588288373473,0.7,1093,0
2025-04-21,1228,0.6,92.15801223186227,92.56490397775625,87.40254272540466,0.0,1122,0
2025-04-22,1215,0.1,100.0,95.74547728426289,77.83015276133173,0.9,1140,0
2025-04-23,1353,1.5,88.73675319132774,85.34953293453341,83.34988548789337,0.3,1167,1
2025-04-24,1255,5.5,92.42303727618622,83.102106123938,100.0,0.2,1132,0
2025-04-25,1193,0.1,88.27764707150975,79.31879578753761,82.3022665739852,0.4,996,1
2025-04-26,1152,0.3,85.36988744389647,81.39671576016836,91.09187892732648,0.0,978,1
2025-04-27,1119,1.2,88.82115454547356,100.0,95.86466383917119,0.7,1059,0
2025-04-28,1210,5.4,91.27481601475793,97.95743664589429,81.66046399198625,0.4,1113,0
2025-04-29,1162,0.8,89.7734888774137,77.19140507033583,90.98826284868649,0.1,987,1
2025-04-30,1128,1.4,88.39789510063072,77.42033634605144,95.41749322506394,0.1,963,1
2025-05-01,1167,0.1,84.95841268164082,91.85492849374793,90.0599959314435,0.1,1035,1
2025-05-02,1145,0.3,91.55447213685653,92.37811837902373,100.0,0.0,1071,0
2025-05-03,1284,8.6,83.616398129845,92.39107068253891,78.69840444673082,0.4,1106,1
2025-05-04,1244,6.7,95.13027981844802,85.96035365157041,95.34737117930328,0.9,1138,0
2025-05-05,1199,0.0,92.41219876467251,86.9963659199768,88.96318957562121,0.0,1073,1
2025-05-06,1273,6.1,84.10224250267535,90.62303619327486,93.71652092902005,0.0,1128,1
2025-05-07,1203,2.0,90.25395461475068,88.68714405034665,92.34784291019548,0.4,1083,0
2025-05-08,1156,4.0,87.83921797204708,70.24559701801972,85.00106281734003,0.9,927,1
2025-05-09,1276,1.2,93.4758725520959,86.16160295539845,91.19397835475604,0.2,1149,0
2025-05-10,1226,1.4,98.56225223011572,81.18874852591749,78.64259129161029,0.2,1074,1
2025-05-11,1148,1.3,82.49413765177128,89.4016913512681,93.42448500342837,0.5,1003,1
2025-05-12,1190,2.2,92.35513039573709,100.0,91.45895079594315,0.2,1133,0
2025-05-13,1156,0.3,91.1693360221668,90.93985332379444,93.78696101185861,0.0,1058,0
2025-05-14,1130,0.1,95.34670038225232,85.49176251062082,96.3337099505229,0.7,1035,0
2025-05-15,1246,0.7,92.99598314118845,95.37441201581802,92.10071904125826,0.5,1168,0
2025-05-16,1295,2.4,88.0001533413059,91.8615030976737,90.52853651878966,0.4,1166,0
2025-05-17,1130,0.5,90.3547303216669,91.36075592361473,84.63858998003225,0.7,1012,1
2025-05-18,1228,2.2,87.79987071598255,92.85480474572537,85.3966754181057,0.6,1097,1
2025-05-19,1167,7.0,96.68003569299299,100.0,96.07040772106399,0.1,1142,0
2025-05-20,1175,0.2,92.08655824335972,78.95289251739267,98.58801243423586,0.2,1035,1
2025-05-21,1170,2.2,100.0,91.78905661449164,88.24133738212768,0.1,1104,0
2025-05-22,1156,1.2,91.57669593092689,80.5889509601477,90.09601648351963,0.1,1004,1
2025-05-23,1202,4.1,88.04796616544769,92.44410117073798,83.95731375003741,0.6,1069,1
2025-05-24,1158,0.4,84.39142803693586,80.65050790811125,96.97654107160467,1.0,989,1
2025-05-25,1213,2.4,82.74430161872029,84.66106549115932,93.63250094215067,1.6,1039,1
2025-05-26,1197,3.6,83.71932028497255,85.63928068609675,100.0,0.5,1050,1
2025-05-27,1188,5.8,92.75563325505742,95.80653375475767,83.86006153692156,0.1,1095,0
2025-05-28,1154,2.3,94.31362511614967,95.34763555153931,87.3869526058907,0.1,1077,0
2025-05-29,1171,1.4,83.95404648983933,78.03426098842893,91.17867553515345,0.8,972,1
2025-05-30,1237,1.9,96.28519157038058,88.43947288799879,93.59393722635463,0.4,1145,0
2025-05-31,1225,4.1,89.17469474158281,82.32336116200662,88.09099417471421,0.5,1056,1
2025-06-01,1151,21.1,90.62396505992774,77.93196071459732,81.5972334572778,0.8,963,1
2025-06-02,1204,0.8,99.98110314127712,86.26386359660503,95.16844517354143,0.6,1126,0
2025-06-03,1237,66.8,89.80419657932765,85.53213769235344,84.30681217527349,4.3,914,1
2025-06-04,1116,29.2,87.73734676047084,100.0,80.12235539661765,0.0,1016,0
2025-06-05,1227,28.2,84.72403887292356,91.46367860288557,93.90265680663298,0.7,1095,1
2025-06-06,1166,6.1,80.63092299335348,76.9790599939661,96.10619225517962,1.0,959,1
2025-06-07,1228,26.9,85.7142334037879,83.48180796663246,86.77077898348676,0.2,1044,1
2025-06-08,1161,12.5,89.69434880586152,96.17106636343519,88.60258717425621,0.5,1068,0
2025-06-09,1109,26.3,84.43410236424408,100.0,89.37934662669545,0.2,1016,0
2025-06-10,1118,2.8,91.06371516453848,75.31213350209633,84.40978157846244,1.6,932,1
2025-06-11,1202,26.8,89.70425941479384,72.96060491888764,86.1601888749845,0.0,989,1
2025-06-12,1212,186.0,72.2757200909596,100.0,49.185698732344925,4.5,811,1
2025-06-13,1154,1.2,88.6299870958827,91.11691341896723,95.07873387301761,0.1,1049,0
2025-06-14,1231,94.5,83.39327335983363,81.05365814498907,66.45604066534885,5.2,827,1
2025-06-15,1116,13.1,92.89970324784704,92.27703268897949,97.05551897057398,0.1,1043,0
2025-06-16,1196,51.2,81.42800461278577,66.91401808786497,80.33927943620131,3.6,766,1
2025-06-17,1139,38.1,95.24466189873135,88.02700405277729,83.01499810841294,0.3,1024,1
2025-06-18,1167,20.9,89.41705933857868,90.62256938274469,83.09859656349296,1.2,1034,1
2025-06-19,1202,33.5,88.74424811472424,95.39416111630264,83.24676675646754,0.1,1085,0
2025-06-20,1156,52.7,90.2710721162828,79.8888323816597,90.60618807088822,3.8,846,1
2025-06-21,1180,12.9,91.8760806563175,88.68549729122687,73.13814806078952,0.7,1024,1
2025-06-22,1250,9.9,95.77568316956624,80.5966029915233,96.17679231652913,0.3,1122,1
2025-06-23,1171,27.5,90.68562082600913,90.04307004539454,87.90314088661025,1.2,1052,1
2025-06-24,1241,41.2,84.8178131267978,80.83722942109581,76.5778701128567,2.7,860,1
2025-06-25,1143,35.9,90.2175176260305,84.73519328671823,78.16312564170457,0.5,978,1
2025-06-26,1226,40.0,82.28136896339669,80.03347684167817,94.05835816324922,0.1,1026,1
2025-06-27,1272,14.3,91.1127985288826,93.20908993458926,82.18195872034362,0.1,1146,0
2025-06-28,1076,42.6,87.5738500467777,94.86760893325332,76.68989693642425,3.2,807,1
2025-06-29,1160,3.2,90.6394157136373,86.12303544034069,96.34388725418837,0.5,1043,1
2025-06-30,1228,19.7,89.38731244280535,88.30590395968022,89.07631725771549,0.7,1091,1
2025-07-01,1189,0.1,82.5807547725118,76.41126868293165,84.35744654078161,0.2,956,1
2025-07-02,1218,9.8,88.27637546129519,85.6025868159457,89.82974985242771,0.3,1065,1
2025-07-03,1169,11.4,91.32422450570557,87.59836306366604,82.13548389815834,0.3,1028,1
2025-07-04,1204,12.6,91.539281959987,100.0,94.71492839053563,2.1,977,1
2025-07-05,1192,29.7,83.8916242953702,79.1042637938067,91.91322578923881,0.2,996,1
2025-07-06,1258,12.3,97.0985392043235,99.7134179100195,91.34703719293167,0.2,1220,0
2025-07-07,1212,14.9,86.1791257589275,95.97487018772647,89.9349663674821,0.2,1101,0
2025-07-08,1216,6.8,96.16728600263367,90.2450912359211,99.54712874920425,0.4,1148,0
2025-07-09,1179,11.7,92.96597180935842,100.0,88.24311796432936,0.1,1118,0
2025-07-10,1175,6.4,88.12886345078098,90.9768437808549,81.9487552474752,1.2,1034,1
2025-07-11,1178,1.9,100.0,91.11327356534343,92.41184347699385,0.2,1118,0
2025-07-12,1219,23.1,83.72181584121759,87.57503477585963,99.05128229722268,1.1,1076,1
2025-07-13,1178,27.6,93.83577086805,97.78855105934902,79.77144304088489,0.1,1090,0
2025-07-14,1214,24.2,94.58291159021489,96.77175387048707,84.2012233998361,0.5,1133,0
2025-07-15,1303,15.6,87.08689895461677,82.9945817000303,90.15867622860871,1.2,1121,1
2025-07-16,1243,11.9,97.77232650032164,77.44602244320986,87.89157090596557,0.1,1089,1
2025-07-17,1183,49.8,85.76976742700523,86.37615490083475,76.63617851773611,3.0,846,1
2025-07-18,1260,18.3,91.61346814639928,81.59969148481883,93.98614713738282,0.3,1109,1
2025-07-19,1179,16.3,91.67160919385611,87.49180340307716,100.0,1.5,1080,0
2025-07-20,1098,0.6,91.26845629264726,97.89950507747311,91.08678875414344,0.6,1030,0
2025-07-21,1149,10.4,95.0140413657989,84.34158675930568,83.015590261584,0.2,1015,1
2025-07-22,1106,12.0,94.76744360276106,87.6574129495074,78.90623684967915,0.1,981,1
2025-07-23,1182,12.7,81.9873401338091,88.46418187846716,89.64285588732709,0.2,1017,1
2025-07-24,1200,21.7,96.35170121439076,94.78744705764228,93.36826405989756,0.0,1141,0
2025-07-25,1283,19.1,81.77754005982163,70.02488532812316,89.9860064789723,0.1,1009,1
2025-07-26,1216,23.4,94.82273102170828,83.14639764187763,86.47557695448687,0.1,1075,1
2025-07-27,1189,36.2,94.01352568413792,89.69026953823578,81.03437008926416,0.3,1066,1
2025-07-28,1241,41.9,82.35516784892401,97.60063165141489,77.16201820369146,3.4,922,1
2025-07-29,1089,31.7,86.77592856022707,84.06478041995035,90.2535079579493,0.1,940,1
2025-07-30,1211,77.8,78.69147665757032,72.98757835166501,83.81262972831351,2.3,797,1
2025-07-31,1238,0.5,90.87539484855633,92.95769156772909,80.6506212798556,0.5,1110,1
2025-08-01,1126,5.4,89.9198285790713,82.91710088939496,98.7290338690841,0.1,1000,1
2025-08-02,1257,0.2,95.87830266134671,78.4826667272771,93.414427325364,0.1,1111,1
2025-08-03,1216,26.1,95.94154373059804,83.00523688229421,94.48256787087476,0.1,1100,0
2025-08-04,1179,57.1,93.26841905394977,86.52379713875321,73.38223350908932,4.4,867,1
2025-08-05,1231,7.0,88.48915986710848,83.1620426836943,80.75505506750737,0.9,1044,1
2025-08-06,1313,65.4,84.41389063127735,70.35547154320744,79.29618414139621,3.9,867,1
2025-08-07,1209,1.6,83.42280903889525,95.17652957509706,92.77670656137117,0.5,1088,1
2025-08-08,1212,68.1,81.16064966751905,98.19900033022978,90.56316493756178,3.4,925,1
2025-08-09,1177,10.8,95.7442581654873,93.21217593071604,92.61647348289078,0.6,1107,0
2025-08-10,1157,2.7,99.80791411774116,78.89851463660146,88.1389123391278,0.6,1031,1
2025-08-11,1241,16.6,84.16825564060039,86.38806772841986,81.35178475400465,0.5,1048,1
2025-08-12,1157,7.4,88.29767870423554,87.94782947816434,96.2700034363149,0.2,1038,1
2025-08-13,1203,8.4,91.02797121520535,92.79035511649528,82.9517674454957,0.0,1084,0
2025-08-14,1176,9.2,92.48080579409803,93.34672390974464,98.39081132863393,0.3,1105,0
2025-08-15,1223,40.6,83.89198240039177,82.12660960977203,82.20369210236095,2.7,861,1
2025-08-16,1216,19.4,92.18030522232046,88.65596445130848,96.63349243570711,0.4,1114,0
2025-08-17,1251,9.3,88.70080326464542,91.65824323692193,92.67858774035567,0.9,1134,0
2025-08-18,1174,23.6,89.5677386456086,99.64657857717413,85.63802706334525,2.4,926,1
2025-08-19,1186,31.5,91.58142124001849,93.63605231859779,82.15862176904325,0.1,1073,0
2025-08-20,1151,8.0,91.23211134905469,94.31245349900415,86.75455273592353,0.6,1053,0
2025-08-21,1177,13.3,88.48807054736716,88.67061302343488,90.57490015425142,0.6,1047,1
2025-08-22,1218,3.2,91.13195098037085,99.28367316162803,89.98293897730629,2.0,1146,0
2025-08-23,1237,5.0,91.05818520397332,91.27810236767598,85.68713155158777,2.1,947,1
2025-08-24,1153,28.6,87.28994485058936,81.11129671861144,84.7162115380942,0.6,972,1
2025-08-25,1243,5.0,90.20601968666449,99.22695976100152,89.7214621783149,0.1,1164,0
2025-08-26,1267,18.6,98.13323585252358,93.58322618031222,74.43759543351112,0.8,1160,0
2025-08-27,1220,30.9,91.7145972397062,84.45564783097214,88.11400868873218,0.1,1074,1
2025-08-28,1293,2.8,90.2425984098542,84.16405626080605,83.70167265169916,0.8,1118,1
2025-08-29,1161,20.9,93.39477202255368,90.3726043611261,79.94500558076552,1.2,1039,1
2025-08-30,1137,7.4,89.59090255121995,91.70547836214068,78.76593391733574,0.2,1003,1
2025-08-31,1111,82.4,89.62562318793321,89.57833812504965,66.87664501279266,3.0,803,1
2025-09-01,1274,16.5,92.19821096099047,90.49046938754309,79.39231498132627,0.3,1133,1
2025-09-02,1232,41.0,87.36348927997886,100.0,79.59587425421705,4.9,951,1
2025-09-03,1197,20.0,92.23858462905139,96.57234521787909,98.7195548251594,0.2,1140,0
2025-09-04,1213,1.1,84.0356192396575,89.5250847301202,86.67972194462877,0.7,1052,1
2025-09-05,1143,25.1,83.85616265545097,95.53048464613987,87.30150063760819,1.4,1019,1
2025-09-06,1322,75.6,78.47037496800472,79.73980877177968,81.06288831903797,4.3,893,1
2025-09-07,1206,23.0,90.41471547381853,91.18341639957447,87.3363911172951,0.1,1086,0
2025-09-08,1205,42.8,96.38257499742546,100.0,83.11533923564404,2.7,974,1
2025-09-09,1236,53.9,97.76650073096316,86.25563283686101,74.74323741840453,3.5,930,1
2025-09-10,1224,6.5,94.54025550720378,81.21892857104731,97.73056528967528,0.1,1099,1
2025-09-11,1211,6.0,93.9042223747223,82.78328889125551,99.9431798618273,0.0,1097,0
2025-09-12,1160,23.6,80.63471132923631,79.2829357012609,76.36404783526388,0.2,919,1
2025-09-13,1223,13.2,87.9666310013299,81.72190473497837,81.87582845468172,1.2,1030,1
2025-09-14,1294,45.8,83.4810812404588,85.03593521127976,81.45113794573795,5.0,920,1
2025-09-15,1267,57.6,83.13576200874442,76.75546384657086,75.57277323053886,4.4,851,1
2025-09-16,1279,10.9,90.06928090707605,88.12494667159683,91.40079332073519,0.1,1145,1
2025-09-17,1174,6.8,88.95954711151435,95.21821739029318,84.61036678556033,0.6,1063,0
2025-09-18,1150,37.9,78.31350094812106,80.73795055882464,97.30533640683961,0.0,955,1
2025-09-19,1193,8.0,94.93955128058766,100.0,95.94329156606157,0.2,1159,0
2025-09-20,1202,43.2,82.31628487130098,92.08633670822076,84.79544418379328,4.0,886,1
2025-09-21,1254,13.8,91.81623432055575,96.24464468499247,94.0919175799184,0.1,1179,0
2025-09-22,1115,27.5,99.62041334874986,82.7373235691829,92.51040254614385,0.9,1019,0
2025-09-23,1276,2.5,87.15307704206788,94.83620181653292,86.24131507165055,0.1,1148,1
2025-09-24,1192,24.4,76.90856238626836,79.2645287968375,81.44269653274822,0.5,938,1
2025-09-25,1178,15.0,89.06997889059944,95.12198000669207,88.21885837781788,0.3,1075,0
2025-09-26,1149,22.1,95.29479817499286,89.37471471834824,91.85481674698767,0.5,1059,0
2025-09-27,1117,4.6,100.0,92.42600975987827,90.14436239192051,0.1,1061,0
2025-09-28,1241,33.4,82.51225202773792,78.59524315500119,75.52802110685401,0.0,987,1
2025-09-29,1203,49.7,89.51349611618261,80.83944126178716,77.72805333629495,4.6,855,1
2025-09-30,1135,6.1,89.06344771609973,92.77782574602708,88.64116281843373,0.2,1026,0
2025-10-01,1135,0.2,91.45025822847933,80.4132159662064,89.51600637404502,0.9,983,1
2025-10-02,1183,0.0,100.0,91.70565033679298,100.0,3.7,972,1
2025-10-03,1283,2.1,84.27514835802424,77.06289754831803,81.36907234560601,0.1,1036,1
2025-10-04,1187,1.9,93.07869830747286,94.78539370133335,92.74853545101526,0.2,1112,0
2025-10-05,1124,1.6,94.17846585882717,78.13981348185193,98.69467864996975,0.5,996,1
2025-10-06,1187,0.5,97.37893162469673,92.41839950143618,100.0,1.7,1138,0
2025-10-07,1186,1.0,92.38991576735448,93.005047469168,87.42361546089623,1.2,1086,0
2025-10-08,1065,1.8,93.36025269752051,82.4258254525634,92.6785767163212,0.3,946,1
2025-10-09,1197,1.4,89.90175716289104,92.65621253667781,93.20856214319188,0.8,1097,0
2025-10-10,1188,8.8,92.46563470622554,90.08353810666844,89.85289038931975,0.1,1080,0
2025-10-11,1234,0.3,90.25403862251295,83.6892651504581,89.36192879256416,1.9,1079,1
2025-10-12,1292,2.4,94.86785944928026,79.93156252739034,92.25585233700028,1.7,1141,1
2025-10-13,1256,1.0,90.05194831978183,72.29899446661936,74.65652348868188,0.1,1003,1
2025-10-14,1186,1.1,93.77550196951093,90.79720037839755,93.92741694037578,0.2,1098,0
2025-10-15,1144,2.5,91.60368593157511,75.48157782910356,90.3820674219718,0.1,971,1
2025-10-16,1328,2.4,97.39025125386084,88.76275359553047,88.3051506193304,0.2,1223,0
2025-10-17,1202,9.5,90.79303138205756,85.892414271342,100.0,0.8,1089,0
2025-10-18,1200,0.3,83.1048376589656,93.43314220350557,85.90539588725669,0.2,1053,1
2025-10-19,1198,0.2,98.28960750356997,85.58363600408109,87.55154406560982,0.0,1090,0
2025-10-20,1209,2.6,87.2113384956869,85.36441770922328,100.0,0.2,1076,1
2025-10-21,1192,1.7,88.5611683067559,93.85496563430637,84.75263217090087,2.0,1071,1
2025-10-22,1171,0.6,88.96169352978254,90.68046423267295,86.60930830238077,0.5,1044,1
2025-10-23,1172,0.2,98.8521904658541,90.52924765746222,89.0878474594149,0.3,1096,0
2025-10-24,1198,0.2,81.30162893010653,91.75414071846821,95.01440689277729,0.1,1056,1
2025-10-25,1172,4.5,100.0,75.71542301434316,90.57181504411989,2.1,880,1
2025-10-26,1164,0.4,97.24028404533026,94.05430943989586,82.18424791708642,0.9,1081,0
2025-10-27,1205,0.8,93.0361945706458,92.89975035210882,86.68698862123686,0.2,1105,0
2025-10-28,1187,0.5,91.67552999691857,79.86653497138802,86.28087340072673,0.0,1019,1
2025-10-29,1275,0.9,93.33777037428828,86.0473562106064,89.40167372866172,0.0,1142,1
2025-10-30,1067,0.1,94.5956121418967,87.68554169897895,92.54006195177898,0.1,975,0
2025-10-31,1254,1.5,95.07607792975028,86.92402572478613,92.28423453532784,0.4,1144,0
2025-11-01,1262,0.1,94.76802233001723,90.67087973254827,79.32892947570959,1.3,1136,0
2025-11-02,1096,3.2,92.12790340627625,99.45093425464947,95.90364592536513,0.3,1050,0
2025-11-03,1182,0.5,90.96330789846337,96.65413382138263,91.44041307597973,0.9,1103,0
2025-11-04,1181,1.6,91.08363358173244,77.50224645254875,98.06719228556344,0.3,1028,1
2025-11-05,1129,4.2,90.6054585982366,92.97655992244839,92.03518996374403,0.6,1036,0
2025-11-06,1161,2.1,97.45885048433533,98.63146655628327,96.29293774641458,0.7,1134,0
2025-11-07,1144,1.5,94.81778361140431,91.09446816551362,92.57427186870076,0.1,1062,0
2025-11-08,1287,0.8,77.2180568266786,96.72784340148773,97.95735453721649,0.2,1147,1
2025-11-09,1246,0.8,95.19950388264881,100.0,93.01350381610666,0.5,1204,0
2025-11-10,1263,2.2,92.75368097359387,96.18967636885586,89.08250852134258,0.0,1179,0
2025-11-11,1236,10.3,90.87645621777051,89.99446876513383,100.0,0.2,1141,0
2025-11-12,1143,2.2,89.83740773455557,96.36070779267803,95.00422273367936,0.4,1068,0
2025-11-13,1173,1.6,97.46056359993007,89.15910266477513,93.20246652602648,2.8,930,1
2025-11-14,1224,2.6,96.47763231061428,88.19122434627964,81.95217350076999,0.3,1104,0
2025-11-15,1138,1.3,88.00561166088195,85.18868611429014,82.07515429521878,0.8,975,1
2025-11-16,1235,0.1,94.02526143562267,100.0,91.74129289285112,0.3,1185,0
2025-11-17,1187,1.7,86.97171632729356,81.45257067246399,90.61812718660946,0.8,1014,1
2025-11-18,1181,6.3,84.47190917605535,100.0,85.37026460995011,0.5,1073,0
2025-11-19,1235,0.4,88.82641387705017,91.99891298992297,90.78589619767236,1.1,1117,0
2025-11-20,1222,2.3,96.08196736191378,76.80555060158447,99.18676156826157,0.3,1087,1
2025-11-21,1181,0.4,96.72562522688042,90.94119434393137,94.11241484730179,0.5,1108,0
2025-11-22,1257,1.5,94.41542710048645,71.19978793878701,82.92894894148358,0.5,1041,1
2025-11-23,1145,0.2,95.60547893423998,93.00406413464829,89.30094703714234,0.3,1068,0
2025-11-24,1230,1.2,94.4608914355748,95.08185186391192,84.99020111488463,0.1,1141,0
2025-11-25,1229,2.8,88.51259202388523,83.26115235478358,87.25380050154862,0.0,1058,1
2025-11-26,1184,0.9,94.0696127233697,88.98838156764465,87.38330600622214,0.0,1073,0
2025-11-27,1216,2.2,95.78204762613841,100.0,86.80412650437597,1.0,1163,0
2025-11-28,1137,3.2,95.45145664906788,83.95402636590451,81.98918776815962,0.1,1002,1
2025-11-29,1246,5.2,97.42456685737322,79.5287393035472,88.45407191089086,0.1,1102,1
2025-11-30,1190,0.5,95.49151923600532,99.8533072197008,86.56135417891613,0.7,1135,0
2025-12-01,1173,1.0,93.65724103770792,100.0,72.27330785998639,0.2,1078,0
2025-12-02,1252,0.3,97.32075119158213,88.02956537478278,100.0,0.4,1178,0
2025-12-03,1164,9.8,90.8873937037547,96.09170428326685,95.06261792530003,0.1,1091,0
2025-12-04,1129,5.2,87.07062674386141,98.73180732424704,86.96219565045003,1.6,1035,0
2025-12-05,1122,1.6,91.02466518028119,82.06012613969293,89.87291429844359,1.0,978,1
2025-12-06,1230,3.7,87.90548677596774,84.11755331705706,82.41507391609463,1.0,1049,1
2025-12-07,1135,1.5,88.47410862512808,97.84699610523788,99.9493372668652,0.3,1072,0
2025-12-08,1287,2.0,91.0774066464224,100.0,100.0,0.7,1241,0
2025-12-09,1095,0.2,88.0179003950002,92.50304688139484,90.91016236947915,0.1,989,0
2025-12-10,1284,2.8,90.18019235180479,80.96148517198357,95.72118386511207,0.0,1124,1
2025-12-11,1210,0.3,82.50192666523107,100.0,91.00672067360354,0.0,1103,0
2025-12-12,1195,3.5,92.7164685368647,83.75223281750428,81.45464736674441,0.4,1038,1
2025-12-13,1172,3.0,91.70602737681112,85.31889775062838,87.07905978621805,0.3,1034,1
2025-12-14,1219,2.5,87.66455684465905,90.73870267591697,90.41656780063174,0.4,1090,1
2025-12-15,1198,0.1,95.28622834216202,100.0,87.25771368753934,0.0,1144,0
2025-12-16,1255,0.7,96.6178506881328,94.8318078124178,88.58308033538978,0.3,1183,0
2025-12-17,1205,0.6,83.90220067815513,91.31892400289529,89.3616026549453,0.6,1059,1
2025-12-18,1207,0.9,88.09637610716892,91.70630824094485,89.37972901280722,0.3,1083,1
2025-12-19,1181,0.2,88.13428825106351,88.34811734914773,90.2835509429849,0.7,1046,1
2025-12-20,1197,5.5,86.75048449445568,92.46511611614805,82.8113696016204,0.1,1056,1
2025-12-21,1215,1.6,95.98737420965874,67.76351937844558,85.45790310523239,0.8,1003,1
2025-12-22,1114,0.7,90.96086930613599,85.62714032744161,82.18749440580018,0.4,969,1
2025-12-23,1132,1.0,90.57742579344695,89.93057547933425,95.7168932981172,0.1,1034,0
2025-12-24,1237,1.2,81.86068817796622,78.79188733104394,77.18611834895805,0.1,985,1
2025-12-25,1208,1.8,94.99709015104612,91.09058654249247,96.65154205990156,0.5,1132,0
2025-12-26,1190,1.5,85.65370802573263,86.36423023211103,98.09309638357706,0.9,1052,1
2025-12-27,1200,5.0,91.79966315133164,100.0,87.43691647810427,0.3,1130,0
2025-12-28,1217,1.4,93.24688468979096,100.0,74.17117747303621,0.1,1121,0
2025-12-29,1173,9.7,97.83329297919326,84.27355544705469,86.37713662819625,1.0,1057,0
2025-12-30,1161,3.8,85.07589800440445,86.79329830746644,89.04489503226709,0.6,1004,1
